{"cameraMode":{"drawMode":1,"name":"Wireframe","section":"Shading Mode"},"sceneLighting":true,"audioPlay":false,"sceneViewState":{"showFog":true,"showMaterialUpdate":false,"showSkybox":true,"showFlares":true,"showImageEffects":true,"showParticleSystems":true},"in2DMode":false,"pivot":{"x":2.8348612785339357,"y":3.219691753387451,"z":-5.054841995239258},"rotation":{"x":0.5389798283576965,"y":0.1159239336848259,"z":-0.07519044727087021,"w":0.830908477306366},"size":4.949287414550781,"orthographic":false}