{"cameraMode":{"drawMode":0,"name":"Shaded","section":"Shading Mode"},"sceneLighting":false,"audioPlay":false,"sceneViewState":{"showFog":true,"showMaterialUpdate":false,"showSkybox":true,"showFlares":true,"showImageEffects":true,"showParticleSystems":true},"in2DMode":false,"pivot":{"x":7.7658891677856449,"y":-1.4359872341156006,"z":1.4421277046203614},"rotation":{"x":0.02799925208091736,"y":0.6647543907165527,"z":-0.02494392730295658,"w":0.7461203336715698},"size":2.8578836917877199,"orthographic":false}